id,FirstName,LastName,Salutation,Title,Company,City,State,PostalCode,Country,Latitude,Longitude,Phone,Email,PhotoUrl,DOB
1,Taylor,Simon,Mr.,Personal assistant,"Esparza, Hill and Brown",Victoriaport,Maine,48738,Belarus,-25.189220,-41.089566,+1-209-414-4807,jacob83@example.net,https://picsum.photos/362/69,09-05-2020
2,James,Pierce,Dr.,Land,Holland Group,Port Leahstad,Alaska,94636,Uruguay,-11.256628,153.910079,809-981-5065,paigeconway@example.org,https://picsum.photos/826/987,14-05-1941
3,Jonathan,Campos,Mrs.,Geophysicist/field seismologist,Hall-Garrett,South Pamela,Georgia,07327,Namibia,-72.722182,-100.360110,328.602.0668,hwilcox@example.org,https://placekitten.com/922/700,25-11-1917
4,Alan,Richardson,Mr.,"Psychologist, occupational","Wells, Ramirez and Kim",South Cynthiachester,New York,02920,San Marino,6.234973,-160.087108,840.348.4411x7971,brandonrodriguez@example.net,https://picsum.photos/636/1011,04-09-1928
5,Jeanette,Palmer,Mr.,"Restaurant manager, fast food",Raymond Group,South Justinfort,New Mexico,58897,Eritrea,83.673296,-30.464744,001-327-422-0807x35321,sullivannicole@example.net,https://placekitten.com/772/424,26-10-1966
6,Christopher,Donovan,Mrs.,"Designer, exhibition/display",Campbell and Sons,Jacksonbury,Utah,47988,Indonesia,-22.658650,125.409626,+1-215-366-0199x3500,bodonnell@example.net,https://placekitten.com/989/363,19-08-1995
7,Steven,Bryant,Mrs.,Barrister's clerk,"Zamora, Johnson and Hernandez",Simmonsland,New Hampshire,46689,Christmas Island,56.333368,-111.230594,796.538.4202,fjackson@example.net,https://picsum.photos/688/518,22-01-1992
8,Paige,Davis,Mrs.,Geophysicist/field seismologist,"Daniels, Gonzales and Clark",Michelleberg,Oklahoma,40003,Hong Kong,-18.264551,-120.325080,871-548-4548x62849,gsnyder@example.com,https://dummyimage.com/788x764,07-03-2010
9,Laura,Patel,Mrs.,Graphic designer,Cardenas-Perkins,Lake Jason,Utah,48795,Luxembourg,-52.906576,-30.734136,001-690-288-6177x90853,matthewgallegos@example.com,https://dummyimage.com/439x771,07-06-2016
10,Kathryn,Pace,Ms.,"Engineer, water",Green Inc,Pottershire,Colorado,14034,Poland,29.998755,69.904964,8454007088,ronald19@example.net,https://picsum.photos/563/271,28-09-1928
11,Jessica,Wilkins,Mrs.,"Presenter, broadcasting",Zamora Group,Lake Stephen,Nebraska,42027,Georgia,34.495338,114.864797,423-813-8384,brenda82@example.net,https://dummyimage.com/642x12,18-01-1996
12,Ashley,Mcbride,Ms.,"Education officer, environmental",Nelson LLC,North James,Vermont,99540,Sweden,26.587656,128.561541,+1-871-781-2782x36203,martinezchristina@example.org,https://picsum.photos/87/795,11-05-1993
13,Lori,Cross,Ms.,Speech and language therapist,Gomez-Russell,North Billy,Ohio,38820,Austria,-45.535478,68.957593,+1-912-729-1952,olsonjacqueline@example.org,https://picsum.photos/274/916,19-02-1990
14,Jessica,Potts,Dr.,"Engineer, control and instrumentation",Roth Ltd,Port Amber,Montana,84778,Ethiopia,-88.431712,69.236552,001-806-597-5532x81714,kathryn77@example.net,https://picsum.photos/501/892,13-08-1984
15,James,Carrillo,Dr.,Clinical research associate,Good Ltd,East Calvin,Massachusetts,92942,Malawi,84.233349,-83.473061,857-706-0647,albert92@example.org,https://placekitten.com/407/474,12-01-1924
16,Erin,Parker,Mrs.,"Psychologist, forensic","Davis, Martinez and Cruz",Crawfordberg,North Carolina,24540,Turkmenistan,21.753907,-17.548276,654.806.3458x8561,btorres@example.net,https://picsum.photos/712/236,09-06-2008
17,John,Norton,Mrs.,Oncologist,"Abbott, Wolfe and Collins",South Kellyville,Kansas,91586,Uzbekistan,-80.702968,161.260570,+1-301-441-8394x46601,nschneider@example.com,https://dummyimage.com/296x672,09-09-2018
18,Spencer,Alvarez,Mrs.,Location manager,"Reyes, Grant and Mcdaniel",New Jeffreymouth,Massachusetts,92119,Tajikistan,9.375543,76.577429,784.417.9607x855,whamilton@example.org,https://picsum.photos/824/991,05-01-2013
19,Christopher,Moore,Ms.,Insurance broker,Noble Ltd,South Eduardoland,New Jersey,05001,Iraq,-36.401865,-78.521263,(446)922-9205x94916,jeremy76@example.com,https://picsum.photos/779/313,30-01-1928
20,Michele,Moore,Mr.,Operational researcher,"Harris, Vaughn and Brennan",Welchland,New Hampshire,93198,Reunion,24.968106,81.484146,725-758-8107,jonesbrandon@example.org,https://dummyimage.com/289x16,10-08-1915
21,Allison,Schneider,Dr.,Art therapist,"Armstrong, Owens and Mejia",Zavalaburgh,Pennsylvania,17996,Saint Lucia,3.517296,156.279050,001-697-620-3381x288,hcunningham@example.com,https://placekitten.com/283/120,16-08-1931
22,Jeremy,Garcia,Mr.,"Surveyor, rural practice",Carlson-Wells,Scottmouth,Illinois,54801,Ireland,-61.416020,76.120933,001-504-761-6444x35963,bbaker@example.com,https://dummyimage.com/178x419,07-09-2008
23,Andrew,Martinez,Mrs.,"Civil engineer, contracting",Griffin-Stout,Derekshire,Colorado,77046,Taiwan,48.461972,-146.918279,(200)712-8327,krystal17@example.org,https://placekitten.com/8/617,03-06-1971
24,Andrew,Jefferson,Mr.,Outdoor activities/education manager,Beck Group,New Aaron,Washington,71479,Martinique,11.784370,-138.073341,+1-365-839-9087,hendersonmike@example.org,https://picsum.photos/460/89,18-09-1935
25,Jessica,Kelly,Ms.,Agricultural consultant,Dominguez LLC,South Karen,New York,32527,Cote d'Ivoire,-1.165492,-123.554523,222-308-0079,michael39@example.com,https://placekitten.com/0/428,06-02-2006
26,Taylor,Buck,Ms.,Set designer,Figueroa and Sons,Bakerview,Idaho,33088,Guernsey,37.488652,96.374908,(837)330-6476,brianmartinez@example.com,https://dummyimage.com/427x966,19-02-1987
27,Megan,Lindsey,Mr.,Charity fundraiser,"Cooke, Riley and Russell",Torresmouth,Oklahoma,70443,Lesotho,-4.086682,-122.523549,249-529-9811,znguyen@example.net,https://dummyimage.com/529x397,13-09-2013
28,Shelley,Sherman,Mrs.,Government social research officer,Yu Inc,Lisashire,North Dakota,37309,Bulgaria,-37.280217,-164.473793,695.670.9904x152,victoria86@example.net,https://picsum.photos/138/120,21-10-1910
29,Dean,Harris,Mr.,"Social research officer, government",Sanchez Inc,Masonchester,Illinois,56145,Slovakia (Slovak Republic),-58.398288,-88.523690,404-454-7184x33637,lisaward@example.org,https://dummyimage.com/382x930,01-04-1986
30,Taylor,Roth,Dr.,"Radiographer, diagnostic",Young-Wilson,Smithview,Texas,40109,Chad,5.600060,-37.464736,3723289112,amydiaz@example.org,https://dummyimage.com/134x939,13-01-1930
